
K

BR03012230=
03012230Hipercard Banco Múltiplo S.A.HIPERCARD BM S.A.
@

BR030176772
03017677Banco J. Safra S.A.BCO. J.SAFRA S.A.


BR03046391q
03046391IUNIPRIME CENTRAL - CENTRAL INTERESTADUAL DE COOPERATIVAS DE CREDITO LTDA.UNIPRIME CENTRAL CCC LTDA.
P

BR03215790B
03215790Banco Toyota do Brasil S.A.BCO TOYOTA DO BRASIL S.A.
a

BR03311443S
033114434"PARATI - CREDITO, FINANCIAMENTO E INVESTIMENTO S.A.PARATI - CFI S.A.
8

BR03323840*
03323840Banco Alfa S.A.BCO ALFA S.A.
`

BR03502968R
035029688PI Distribuidora de Títulos e Valores Mobiliários S.A.PI DTVM S.A.
@

BR035324152
03532415Banco ABN Amro S.A.BCO ABN AMRO S.A.
>

BR036098170
03609817Banco Cargill S.A.BCO CARGILL S.A.
~

BR03751794p
03751794JTerra Investimentos Distribuidora de Títulos e Valores Mobiliários Ltda.TERRA INVESTIMENTOS DTVM
w

BR03973814i
03973814RSERVICOOP - COOPERATIVA DE CRÉDITO DOS SERVIDORES PÚBLICOS ESTADUAIS DO RIO GRAN	SERVICOOP