Country Code|Bank Code|Bank Name|Initials|SWIFT/BIC
BR|00000000|Banco do Brasil S.A.|BCO DO BRASIL S.A.|
BR|00000208|BRB - BANCO DE BRASILIA S.A.|BRB - BCO DE BRASILIA S.A.|
BR|00038121|Banco Central do Brasil - Selic|Selic|
BR|00038166|Banco Central do Brasil|Bacen|
BR|00250699|AGK CORRETORA DE CAMBIO S.A.|AGK CC S.A.|
BR|00315557|CONFEDERAÇÃO NACIONAL DAS COOPERATIVAS CENTRAIS UNICRED LTDA. - UNICRED DO BRASI|CONF NAC COOP CENTRAIS UNICRED|
BR|00360305|CAIXA ECONOMICA FEDERAL|CAIXA ECONOMICA FEDERAL|
BR|00394460|Secretaria do Tesouro Nacional - STN|STN|
BR|00416968|Banco Inter S.A.|BANCO INTER|
BR|00517645|BANCO RIBEIRAO PRETO S.A.|BCO RIBEIRAO PRETO S.A.|
BR|00556603|BANCO BARI DE INVESTIMENTOS E FINANCIAMENTOS S.A.|BANCO BARI S.A.|
BR|00558456|Banco Cetelem S.A.|BCO CETELEM S.A.|
BR|00795423|Banco Semear S.A.|BANCO SEMEAR|
BR|00806535|Planner Corretora de Valores S.A.|PLANNER CV S.A.|
BR|00997185|Banco B3 S.A.|BCO B3 S.A.|
BR|01023570|Banco Rabobank International Brasil S.A.|BCO RABOBANK INTL BRASIL S.A.|
BR|01027058|CIELO S.A.|CIELO S.A.|
BR|01073966|Cooperativa de Crédito Rural de Abelardo Luz - Sulcredi/Crediluz|CCR DE ABELARDO LUZ|
BR|01181521|BANCO COOPERATIVO SICREDI S.A.|BCO COOPERATIVO SICREDI S.A.|
BR|01330387|COOPERATIVA DE CRÉDITO RURAL DE PEQUENOS AGRICULTORES E DA REFORMA AGRÁRIA DO CE|CREHNOR LARANJEIRAS|
BR|01522368|Banco BNP Paribas Brasil S.A.|BCO BNP PARIBAS BRASIL S A|
BR|01634601|CENTRAL DE COOPERATIVAS DE ECONOMIA E CRÉDITO MÚTUO DO ESTADO DO RIO GRANDE DO S|CCCM UNICRED CENTRAL RS|
BR|01658426|COOPERFORTE - COOPERATIVA DE ECONOMIA E CRÉDITO MÚTUO DE FUNCIONÁRIOS DE INSTITU|CECM COOPERFORTE|
BR|01701201|Kirton Bank S.A. - Banco Múltiplo|KIRTON BANK|
BR|01800019|"PORTOCRED S.A. - CREDITO, FINANCIAMENTO E INVESTIMENTO|PORTOCRED S.A. - CFI|
BR|01852137|BBC LEASING S.A. - ARRENDAMENTO MERCANTIL|BBC LEASING|
BR|02038232|BANCO COOPERATIVO DO BRASIL S.A. - BANCOOB|BANCOOB|
BR|02276653|TRINUS CAPITAL DISTRIBUIDORA DE TÍTULOS E VALORES MOBILIÁRIOS S.A.|TRINUS CAPITAL DTVM|
BR|02318507|BANCO KEB HANA DO BRASIL S.A.|BCO KEB HANA DO BRASIL S.A.|
BR|02332886|"XP INVESTIMENTOS CORRETORA DE CÂMBIO,TÍTULOS E VALORES MOBILIÁRIOS S/A|XP INVESTIMENTOS CCTVM S/A|
BR|02398976|UNIPRIME NORTE DO PARANÁ - COOPERATIVA DE CRÉDITO LTDA|UNIPRIME NORTE DO PARANÁ - CC|
BR|02685483|"CM CAPITAL MARKETS CORRETORA DE CÂMBIO, TÍTULOS E VALORES MOBILIÁRIOS LTDA|CM CAPITAL MARKETS CCTVM LTDA|
BR|02801938|BANCO MORGAN STANLEY S.A.|BCO MORGAN STANLEY S.A.|
BR|02819125|"UBS Brasil Corretora de Câmbio, Títulos e Valores Mobiliários S.A.|UBS BRASIL CCTVM S.A.|
BR|02992317|Treviso Corretora de Câmbio S.A.|TREVISO CC S.A.|
BR|02992335|Câmara Interbancária de Pagamentos - CIP - LDL|CIP Siloc|
BR|03012230|Hipercard Banco Múltiplo S.A.|HIPERCARD BM S.A.|
BR|03017677|Banco J. Safra S.A.|BCO. J.SAFRA S.A.|
BR|03046391|UNIPRIME CENTRAL - CENTRAL INTERESTADUAL DE COOPERATIVAS DE CREDITO LTDA.|UNIPRIME CENTRAL CCC LTDA.|
BR|03215790|Banco Toyota do Brasil S.A.|BCO TOYOTA DO BRASIL S.A.|
BR|03311443|"PARATI - CREDITO, FINANCIAMENTO E INVESTIMENTO S.A.|PARATI - CFI S.A.|
BR|03323840|Banco Alfa S.A.|BCO ALFA S.A.|
BR|03502968|PI Distribuidora de Títulos e Valores Mobiliários S.A.|PI DTVM S.A.|
BR|03532415|Banco ABN Amro S.A.|BCO ABN AMRO S.A.|
BR|03609817|Banco Cargill S.A.|BCO CARGILL S.A.|
BR|03751794|Terra Investimentos Distribuidora de Títulos e Valores Mobiliários Ltda.|TERRA INVESTIMENTOS DTVM|
BR|03973814|SERVICOOP - COOPERATIVA DE CRÉDITO DOS SERVIDORES PÚBLICOS ESTADUAIS DO RIO GRAN|SERVICOOP|
BR|04062902|VISION S.A. CORRETORA DE CAMBIO|VISION S.A. CC|
BR|04184779|Banco Bradescard S.A.|BANCO BRADESCARD|
BR|04257795|Nova Futura Corretora de Títulos e Valores Mobiliários Ltda.|NOVA FUTURA CTVM LTDA.|
BR|04307598|FIDÚCIA SOCIEDADE DE CRÉDITO AO MICROEMPREENDEDOR E À EMPRESA DE PEQUENO PORTE L|FIDUCIA SCMEPP LTDA|
BR|04332281|GOLDMAN SACHS DO BRASIL BANCO MULTIPLO S.A.|GOLDMAN SACHS DO BRASIL BM S.A|
BR|04391007|Câmara Interbancária de Pagamentos|CIP Sitraf|
BR|04632856|Credisis - Central de Cooperativas de Crédito Ltda.|CREDISIS CENTRAL DE COOPERATIVAS DE CRÉDITO LTDA.|
BR|04715685|COOPERATIVA DE CRÉDITO MÚTUO DOS DESPACHANTES DE TRÂNSITO DE SANTA CATARINA E RI|CCM DESP TRÂNS SC E RS|
BR|04814563|"SOROCRED   CRÉDITO, FINANCIAMENTO E INVESTIMENTO S.A.|SOROCRED CFI S.A.|
BR|04866275|Banco Inbursa S.A.|BANCO INBURSA|
BR|04902979|BANCO DA AMAZONIA S.A.|BCO DA AMAZONIA S.A.|
BR|04913129|Confidence Corretora de Câmbio S.A.|CONFIDENCE CC S.A.|
BR|04913711|Banco do Estado do Pará S.A.|BCO DO EST. DO PA S.A.|
BR|05351887|"ZEMA CRÉDITO, FINANCIAMENTO E INVESTIMENTO S/A|ZEMA CFI S/A|
BR|05442029|Casa do Crédito S.A. Sociedade de Crédito ao Microempreendedor|CASA CREDITO S.A. SCM|
BR|05463212|Cooperativa Central de Crédito - Ailos|COOP CENTRAL AILOS|
BR|05790149|Central Cooperativa de Crédito no Estado do Espírito Santo - CECOOP|CENTRAL COOPERATIVA DE CRÉDITO NO ESTADO DO ESPÍRITO SANTO|
BR|06271464|Banco Bradesco BBI S.A.|BCO BBI S.A.|
BR|07207996|Banco Bradesco Financiamentos S.A.|BCO BRADESCO FINANC. S.A.|
BR|07237373|Banco do Nordeste do Brasil S.A.|BCO DO NORDESTE DO BRASIL S.A.|
BR|07450604|China Construction Bank (Brasil) Banco Múltiplo S/A|BCO CCB BRASIL S.A.|
BR|07512441|"HS FINANCEIRA S/A CREDITO, FINANCIAMENTO E INVESTIMENTOS|HS FINANCEIRA|
BR|07652226|"Lecca Crédito, Financiamento e Investimento S/A|LECCA CFI S.A.|
BR|07656500|Banco KDB do Brasil S.A.|BCO KDB BRASIL S.A.|
BR|07679404|BANCO TOPÁZIO S.A.|BANCO TOPÁZIO S.A.|
BR|07853842|COOPERATIVA DE CRÉDITO RURAL DE OURO   SULCREDI/OURO|CCR DE OURO|
BR|07945233|PÓLOCRED   SOCIEDADE DE CRÉDITO AO MICROEMPREENDEDOR E À EMPRESA DE PEQUENO PORT|POLOCRED SCMEPP LTDA.|
BR|08240446|COOPERATIVA DE CREDITO RURAL DE IBIAM - SULCREDI/IBIAM|CCR DE IBIAM|
BR|08253539|Cooperativa de Crédito Rural de São Miguel do Oeste - Sulcredi/São Miguel|CCR DE SÃO MIGUEL DO OESTE|
BR|08357240|Banco CSF S.A.|BCO CSF S.A.|
BR|08561701|Pagseguro Internet S.A.|PAGSEGURO|
BR|08609934|MONEYCORP BANCO DE CÂMBIO S.A.|MONEYCORP BCO DE CÂMBIO S.A.|
BR|08673569|F.D'GOLD - DISTRIBUIDORA DE TÍTULOS E VALORES MOBILIÁRIOS LTDA.|F D GOLD DTVM LTDA|
BR|09089356|GERENCIANET S.A.|GERENCIANET|
BR|09105360|ICAP do Brasil Corretora de Títulos e Valores Mobiliários Ltda.|ICAP DO BRASIL CTVM LTDA.|
BR|09210106|SOCRED S.A. - SOCIEDADE DE CRÉDITO AO MICROEMPREENDEDOR E À EMPRESA DE PEQUENO P|SOCRED SA - SCMEPP|
BR|09274232|STATE STREET BRASIL S.A. ? BANCO COMERCIAL|STATE STREET BR S.A. BCO COMERCIAL|
BR|09313766|"CARUANA S.A. - SOCIEDADE DE CRÉDITO, FINANCIAMENTO E INVESTIMENTO|CARUANA SCFI|
BR|09464032|"MIDWAY S.A. - CRÉDITO, FINANCIAMENTO E INVESTIMENTO|MIDWAY S.A. - SCFI|
BR|09512542|Codepe Corretora de Valores e Câmbio S.A.|CODEPE CVC S.A.|
BR|09516419|Banco Original do Agronegócio S.A.|BCO ORIGINAL DO AGRO S/A|
BR|09554480|Super Pagamentos e Administração de Meios Eletrônicos S.A.|SUPER PAGAMENTOS E ADMINISTRACAO DE MEIOS ELETRONICOS S.A.|
BR|10264663|BancoSeguro S.A.|BANCOSEGURO S.A.|
BR|10398952|CONFEDERAÇÃO NACIONAL DAS COOPERATIVAS CENTRAIS DE CRÉDITO E ECONOMIA FAMILIAR E|CRESOL CONFEDERAÇÃO|
BR|10573521|MERCADOPAGO.COM REPRESENTACOES LTDA.|MERCADO PAGO|
BR|10664513|Banco Agibank S.A.|BCO AGIBANK S.A.|
BR|10690848|Banco da China Brasil S.A.|BCO DA CHINA BRASIL S.A.|
BR|10853017|Get Money Corretora de Câmbio S.A.|GET MONEY CC LTDA|
BR|10866788|Banco Bandepe S.A.|BCO BANDEPE S.A.|
BR|11165756|GLOBAL FINANÇAS SOCIEDADE DE CRÉDITO AO MICROEMPREENDEDOR E À EMPRESA DE PEQUENO|GLOBAL SCM LTDA|
BR|11476673|BANCO RANDON S.A.|BANCO RANDON S.A.|
BR|11495073|OM DISTRIBUIDORA DE TÍTULOS E VALORES MOBILIÁRIOS LTDA|OM DTVM LTDA|
BR|11581339|MONEY PLUS SOCIEDADE DE CRÉDITO AO MICROEMPREENDEDOR E A EMPRESA DE PEQUENO PORT|MONEY PLUS SCMEPP LTDA|
BR|11703662|Travelex Banco de Câmbio S.A.|TRAVELEX BANCO DE CÂMBIO S.A.|
BR|11758741|Banco Finaxis S.A.|BANCO FINAXIS|
BR|11970623|BANCO SENFF S.A.|BCO SENFF S.A.|
BR|12865507|"BRK S.A. Crédito, Financiamento e Investimento|BRK S.A. CFI|
BR|13009717|Banco do Estado de Sergipe S.A.|BCO DO EST. DE SE S.A.|
BR|13059145|BEXS BANCO DE CÂMBIO S/A|BEXS BCO DE CAMBIO S.A.|
BR|13140088|Acesso Soluções de Pagamento S.A.|ACESSO SOLUCOES PAGAMENTO SA|
BR|13220493|BR Partners Banco de Investimento S.A.|BR PARTNERS BI|
BR|13293225|Órama Distribuidora de Títulos e Valores Mobiliários S.A.|ÓRAMA DTVM S.A.|
BR|13370835|BPP Instituição de Pagamento S.A.|BPP IP S.A.|
BR|13486793|BRL Trust Distribuidora de Títulos e Valores Mobiliários S.A.|BRL TRUST DTVM SA|
BR|13673855|Fram Capital Distribuidora de Títulos e Valores Mobiliários S.A.|FRAM CAPITAL DTVM S.A.|
BR|13720915|Banco Western Union do Brasil S.A.|BCO WESTERN UNION|
BR|13884775|HUB PAGAMENTOS S.A|HUB PAGAMENTOS|
BR|14190547|CAMBIONET CORRETORA DE CÂMBIO LTDA.|CAMBIONET CC LTDA|
BR|14388334|PARANÁ BANCO S.A.|PARANA BCO S.A.|
BR|14511781|BARI COMPANHIA HIPOTECÁRIA|BARI CIA HIPOTECÁRIA|
BR|15114366|Banco Bocom BBM S.A.|BCO BOCOM BBM S.A.|
BR|15173776|BANCO CAPITAL S.A.|BCO CAPITAL S.A.|
BR|15357060|Banco Woori Bank do Brasil S.A.|BCO WOORI BANK DO BRASIL S.A.|
BR|15581638|Facta Financeira S.A. - Crédito Financiamento e Investimento|FACTA S.A. CFI|
BR|16501555|Stone Pagamentos S.A.|STONE PAGAMENTOS S.A.|
BR|16927221|AMAZÔNIA CORRETORA DE CÂMBIO LTDA.|AMAZÔNIA CC LTDA.|
BR|16944141|Broker Brasil Corretora de Câmbio Ltda.|BROKER BRASIL CC LTDA.|
BR|17184037|Banco Mercantil do Brasil S.A.|BCO MERCANTIL DO BRASIL S.A.|
BR|17298092|Banco Itaú BBA S.A.|BCO ITAÚ BBA S.A.|
BR|17351180|BANCO TRIANGULO S.A.|BCO TRIANGULO S.A.|
BR|17352220|SENSO CORRETORA DE CAMBIO E VALORES MOBILIARIOS S.A|SENSO CCVM S.A.|
BR|17453575|ICBC do Brasil Banco Múltiplo S.A.|ICBC DO BRASIL BM S.A.|
BR|17772370|Vip's Corretora de Câmbio Ltda.|VIPS CC LTDA.|
BR|17826860|BMS SOCIEDADE DE CRÉDITO DIRETO S.A.|BMS SCD S.A.|
BR|18188384|CREFAZ SOCIEDADE DE CRÉDITO AO MICROEMPREENDEDOR E A EMPRESA DE PEQUENO PORTE LT|CREFAZ SCMEPP LTDA|
BR|18236120|Nu Pagamentos S.A.|NU PAGAMENTOS S.A.|
BR|18520834|UBS Brasil Banco de Investimento S.A.|UBS BRASIL BI S.A.|
BR|19307785|MS Bank S.A. Banco de Câmbio|MS BANK S.A. BCO DE CÂMBIO|
BR|20155248|PARMETAL DISTRIBUIDORA DE TÍTULOS E VALORES MOBILIÁRIOS LTDA|PARMETAL DTVM LTDA|
BR|21018182|BOLETOBANCÁRIO.COM TECNOLOGIA DE PAGAMENTOS LTDA.|JUNO|
BR|21332862|CARTOS SOCIEDADE DE CRÉDITO DIRETO S.A.|CARTOS SCD S.A.|
BR|22610500|VORTX DISTRIBUIDORA DE TITULOS E VALORES MOBILIARIOS LTDA.|VORTX DTVM LTDA.|
BR|22896431|PICPAY SERVICOS S.A.|PICPAY|
BR|23522214|Commerzbank Brasil S.A. - Banco Múltiplo|COMMERZBANK BRASIL S.A. - BCO MÚLTIPLO|
BR|23862762|"WILL FINANCEIRA S.A. CRÉDITO, FINANCIAMENTO E INVESTIMENTO|WILL FINANCEIRA S.A.CFI|
BR|24074692|GUITTA CORRETORA DE CAMBIO LTDA.|GUITTA CC LTDA|
BR|24537861|FFA SOCIEDADE DE CRÉDITO AO MICROEMPREENDEDOR E À EMPRESA DE PEQUENO PORTE LTDA.|FFA SCMEPP LTDA.|
BR|26563270|COOPERATIVA DE CREDITO RURAL DE PRIMAVERA DO LESTE|CCR DE PRIMAVERA DO LESTE|
BR|27098060|Banco Digio S.A.|BANCO DIGIO|
BR|27214112|"AL5 S.A. CRÉDITO, FINANCIAMENTO E INVESTIMENTO|AL5 S.A. CFI|
BR|27351731|"REALIZE CRÉDITO, FINANCIAMENTO E INVESTIMENTO S.A.|REALIZE CFI S.A.|
BR|27652684|Genial Investimentos Corretora de Valores Mobiliários S.A.|GENIAL INVESTIMENTOS CVM S.A.|
BR|27842177|"IB Corretora de Câmbio, Títulos e Valores Mobiliários S.A.|IB CCTVM S.A.|
BR|28127603|BANESTES S.A. BANCO DO ESTADO DO ESPIRITO SANTO|BCO BANESTES S.A.|
BR|28195667|Banco ABC Brasil S.A.|BCO ABC BRASIL S.A.|
BR|28650236|BS2 Distribuidora de Títulos e Valores Mobiliários S.A.|BS2 DTVM S.A.|
BR|28719664|Sistema do Balcão B3|Balcão B3|
BR|29011780|Câmara Interbancária de Pagamentos - CIP C3|CIP C3|
BR|29030467|Scotiabank Brasil S.A. Banco Múltiplo|SCOTIABANK BRASIL|
BR|29162769|TORO CORRETORA DE TÍTULOS E VALORES MOBILIÁRIOS LTDA|TORO CTVM LTDA|
BR|30306294|Banco BTG Pactual S.A.|BANCO BTG PACTUAL S.A.|
BR|30680829|"NU FINANCEIRA S.A. - Sociedade de Crédito, Financiamento e Investimento|NU FINANCEIRA S.A. CFI|
BR|30723886|Banco Modal S.A.|BCO MODAL S.A.|
BR|31597552|BANCO CLASSICO S.A.|BCO CLASSICO S.A.|
BR|31749596|IDEAL CORRETORA DE TÍTULOS E VALORES MOBILIÁRIOS S.A.|IDEAL CTVM S.A.|
BR|31872495|Banco C6 S.A.|BCO C6 S.A.|
BR|31880826|Banco Guanabara S.A.|BCO GUANABARA S.A.|
BR|31895683|Banco Industrial do Brasil S.A.|BCO INDUSTRIAL DO BRASIL S.A.|
BR|32062580|Banco Credit Suisse (Brasil) S.A.|BCO CREDIT SUISSE S.A.|
BR|32402502|QI Sociedade de Crédito Direto S.A.|QI SCD S.A.|
BR|32648370|FAIR CORRETORA DE CAMBIO S.A.|FAIR CC S.A.|
BR|32997490|Creditas Sociedade de Crédito Direto S.A.|CREDITAS SCD|
BR|33042151|Banco de la Nacion Argentina|BCO LA NACION ARGENTINA|
BR|33042953|Citibank N.A.|CITIBANK N.A.|
BR|33132044|BANCO CEDULA S.A.|BCO CEDULA S.A.|
BR|33147315|Banco Bradesco BERJ S.A.|BCO BRADESCO BERJ S.A.|
BR|33172537|BANCO J.P. MORGAN S.A.|BCO J.P. MORGAN S.A.|
BR|33264668|Banco XP S.A.|BCO XP S.A.|
BR|33466988|Banco Caixa Geral - Brasil S.A.|BCO CAIXA GERAL BRASIL S.A.|
BR|33479023|Banco Citibank S.A.|BCO CITIBANK S.A.|
BR|33603457|BANCO RODOBENS S.A.|BCO RODOBENS S.A.|
BR|33644196|Banco Fator S.A.|BCO FATOR S.A.|
BR|33657248|BANCO NACIONAL DE DESENVOLVIMENTO ECONOMICO E SOCIAL|BNDES|
BR|33775974|"ATIVA INVESTIMENTOS S.A. CORRETORA DE TÍTULOS, CÂMBIO E VALORES|ATIVA S.A. INVESTIMENTOS CCTVM|
BR|33862244|BGC LIQUIDEZ DISTRIBUIDORA DE TÍTULOS E VALORES MOBILIÁRIOS LTDA|BGC LIQUIDEZ DTVM LTDA|
BR|33885724|Banco Itaú Consignado S.A.|BANCO ITAÚ CONSIGNADO S.A.|
BR|33923798|Banco Máxima S.A.|BCO MÁXIMA S.A.|
BR|34088029|LISTO SOCIEDADE DE CREDITO DIRETO S.A.|LISTO SCD S.A.|
BR|34111187|Haitong Banco de Investimento do Brasil S.A.|HAITONG BI DO BRASIL S.A.|
BR|34335592|ÓTIMO SOCIEDADE DE CRÉDITO DIRETO S.A.|ÓTIMO SCD S.A.|
BR|34711571|VITREO DISTRIBUIDORA DE TÍTULOS E VALORES MOBILIÁRIOS S.A.|VITREO DTVM S.A.|
BR|35977097|UP.P SOCIEDADE DE EMPRÉSTIMO ENTRE PESSOAS S.A.|UP.P SEP S.A.|
BR|36113876|OLIVEIRA TRUST DISTRIBUIDORA DE TÍTULOS E VALORES MOBILIARIOS S.A.|OLIVEIRA TRUST DTVM S.A.|
BR|36586946|BÔNUSCRED SOCIEDADE DE CRÉDITO DIRETO S.A.|BÔNUSCRED SCD S.A.|
BR|36947229|COBUCCIO SOCIEDADE DE CRÉDITO DIRETO S.A.|COBUCCIO SCD S.A.|
BR|37241230|SUMUP SOCIEDADE DE CRÉDITO DIRETO S.A.|SUMUP SCD S.A.|
BR|37715993|ACCREDITO - SOCIEDADE DE CRÉDITO DIRETO S.A.|ACCREDITO SCD S.A.|
BR|37880206|CORA SOCIEDADE DE CRÉDITO DIRETO S.A.|CORA SCD S.A.|
BR|40303299|PORTOPAR DISTRIBUIDORA DE TITULOS E VALORES MOBILIARIOS LTDA.|PORTOPAR DTVM LTDA|
BR|42272526|BNY Mellon Banco S.A.|BNY MELLON BCO S.A.|
BR|43180355|"PEFISA S.A. - CRÉDITO, FINANCIAMENTO E INVESTIMENTO|PEFISA S.A. - CFI|
BR|44189447|Banco de La Provincia de Buenos Aires|BCO LA PROVINCIA B AIRES BCE|
BR|45246410|Plural S.A. Banco Múltiplo|PLURAL BCO BM|
BR|46518205|"JPMorgan Chase Bank, National Association|JPMORGAN CHASE BANK|
BR|48795256|Banco AndBank (Brasil) S.A.|BCO ANDBANK S.A.|
BR|49336860|ING Bank N.V.|ING BANK N.V.|
BR|50579044|LEVYCAM - CORRETORA DE CAMBIO E VALORES LTDA.|LEVYCAM CCV LTDA|
BR|50585090|BCV - BANCO DE CRÉDITO E VAREJO S.A.|BCV|
BR|52904364|NECTON INVESTIMENTOS  S.A. CORRETORA DE VALORES MOBILIÁRIOS E COMMODITIES|NECTON INVESTIMENTOS S.A CVM|
BR|52937216|Bexs Corretora de Câmbio S/A|BEXS CC S.A.|
BR|53518684|BANCO HSBC S.A.|BCO HSBC S.A.|
BR|54403563|Banco Arbi S.A.|BCO ARBI S.A.|
BR|54641030|Câmara B3|Câmara B3|
BR|55230916|Intesa Sanpaolo Brasil S.A. - Banco Múltiplo|INTESA SANPAOLO BRASIL S.A. BM|
BR|57839805|Banco Tricury S.A.|BCO TRICURY S.A.|
BR|58160789|Banco Safra S.A.|BCO SAFRA S.A.|
BR|58497702|Banco Smartbank S.A.|SMARTBANK|
BR|58616418|Banco Fibra S.A.|BCO FIBRA S.A.|
BR|59109165|Banco Volkswagen S.A.|BCO VOLKSWAGEN S.A|
BR|59118133|Banco Luso Brasileiro S.A.|BCO LUSO BRASILEIRO S.A.|
BR|59274605|BANCO GM S.A.|BCO GM S.A.|
BR|59285411|Banco Pan S.A.|BANCO PAN|
BR|59588111|Banco Votorantim S.A.|BCO VOTORANTIM S.A.|
BR|60394079|Banco ItauBank S.A.|BCO ITAUBANK S.A.|
BR|60498557|Banco MUFG Brasil S.A.|BCO MUFG BRASIL S.A.|
BR|60518222|Banco Sumitomo Mitsui Brasileiro S.A.|BCO SUMITOMO MITSUI BRASIL S.A.|
BR|60701190|ITAÚ UNIBANCO S.A.|ITAÚ UNIBANCO S.A.|
BR|60746948|Banco Bradesco S.A.|BCO BRADESCO S.A.|
BR|60814191|BANCO MERCEDES-BENZ DO BRASIL S.A.|BCO MERCEDES-BENZ S.A.|
BR|60850229|Omni Banco S.A.|OMNI BANCO S.A.|
BR|60872504|Itaú Unibanco Holding S.A.|ITAÚ UNIBANCO HOLDING S.A.|
BR|60889128|BANCO SOFISA S.A.|BCO SOFISA S.A.|
BR|60934221|Câmara de Câmbio B3|Câmbio B3|
BR|61024352|BANCO INDUSVAL S.A.|BCO INDUSVAL S.A.|
BR|61033106|Banco Crefisa S.A.|BCO CREFISA S.A.|
BR|61088183|Banco Mizuho do Brasil S.A.|BCO MIZUHO S.A.|
BR|61182408|Banco Investcred Unibanco S.A.|BANCO INVESTCRED UNIBANCO S.A.|
BR|61186680|Banco BMG S.A.|BCO BMG S.A.|
BR|61348538|BANCO C6 CONSIGNADO S.A.|BCO C6 CONSIG|
BR|61444949|Sagitur Corretora de Câmbio Ltda.|SAGITUR CC LTDA|
BR|61533584|BANCO SOCIETE GENERALE BRASIL S.A.|BCO SOCIETE GENERALE BRASIL|
BR|61723847|Magliano S.A. Corretora de Cambio e Valores Mobiliarios|MAGLIANO S.A. CCVM|
BR|61747085|TULLETT PREBON BRASIL CORRETORA DE VALORES E CÂMBIO LTDA|TULLETT PREBON BRASIL CVC LTDA|
BR|61809182|CREDIT SUISSE HEDGING-GRIFFO CORRETORA DE VALORES S.A|C.SUISSE HEDGING-GRIFFO CV S/A|
BR|61820817|Banco Paulista S.A.|BCO PAULISTA S.A.|
BR|62073200|Bank of America Merrill Lynch Banco Múltiplo S.A.|BOFA MERRILL LYNCH BM S.A.|
BR|62109566|CREDISAN COOPERATIVA DE CRÉDITO|CREDISAN CC|
BR|62144175|Banco Pine S.A.|BCO PINE S.A.|
BR|62169875|Easynvest - Título Corretora de Valores SA|EASYNVEST - TÍTULO CV SA|
BR|62232889|Banco Daycoval S.A.|BCO DAYCOVAL S.A|
BR|62237649|CAROL DISTRIBUIDORA DE TITULOS E VALORES MOBILIARIOS LTDA.|CAROL DTVM LTDA.|
BR|62285390|SINGULARE CORRETORA DE TÍTULOS E VALORES MOBILIÁRIOS S.A.|SINGULARE CTVM S.A.|
BR|62287735|RENASCENCA DISTRIBUIDORA DE TÍTULOS E VALORES MOBILIÁRIOS LTDA|RENASCENCA DTVM LTDA|
BR|62331228|DEUTSCHE BANK S.A. - BANCO ALEMAO|DEUTSCHE BANK S.A.BCO ALEMAO|
BR|62421979|Banco Cifra S.A.|BANCO CIFRA|
BR|65913436|Guide Investimentos S.A. Corretora de Valores|GUIDE|
BR|68757681|SOLIDUS S.A. CORRETORA DE CAMBIO E VALORES MOBILIARIOS|SOLIDUS S.A. CCVM|
BR|68900810|Banco Rendimento S.A.|BCO RENDIMENTO S.A.|
BR|71027866|Banco BS2 S.A.|BCO BS2 S.A.|
BR|71371686|BANCO OLÉ CONSIGNADO S.A.|BCO OLÉ CONSIGNADO S.A.|
BR|71590442|Lastro RDV Distribuidora de Títulos e Valores Mobiliários Ltda.|LASTRO RDV DTVM LTDA|
BR|71677850|Frente Corretora de Câmbio Ltda.|FRENTE CC LTDA.|
BR|73622748|B&T CORRETORA DE CAMBIO LTDA.|B&T CC LTDA.|
BR|74828799|Novo Banco Continental S.A. - Banco Múltiplo|NOVO BCO CONTINENTAL S.A. - BM|
BR|75647891|BANCO CRÉDIT AGRICOLE BRASIL S.A.|BCO CRÉDIT AGRICOLE BR S.A.|
BR|76461557|Cooperativa de Crédito Rural Coopavel|CCR COOPAVEL|
BR|76543115|Banco Sistema S.A.|BANCO SISTEMA|
BR|76641497|DOURADA CORRETORA DE CÂMBIO LTDA.|DOURADA CORRETORA|
BR|78157146|Credialiança Cooperativa de Crédito Rural|CREDIALIANÇA CCR|
BR|78626983|Banco VR S.A.|BCO VR S.A.|
BR|78632767|Banco Ourinvest S.A.|BCO OURINVEST S.A.|
BR|81723108|CREDICOAMO CREDITO RURAL COOPERATIVA|CREDICOAMO|
BR|89960090|RB CAPITAL INVESTIMENTOS DISTRIBUIDORA DE TÍTULOS E VALORES MOBILIÁRIOS LIMITADA|RB CAPITAL INVESTIMENTOS DTVM LTDA.|
BR|90400888|BANCO SANTANDER (BRASIL) S.A.|BCO SANTANDER (BRASIL) S.A.|
BR|91884981|Banco John Deere S.A.|BANCO JOHN DEERE S.A.|
BR|92702067|Banco do Estado do Rio Grande do Sul S.A.|BCO DO ESTADO DO RS S.A.|
BR|92856905|ADVANCED CORRETORA DE CÂMBIO LTDA|ADVANCED CC LTDA|
BR|92874270|BANCO DIGIMAIS S.A.|BCO DIGIMAIS S.A.|
BR|92875780|WARREN CORRETORA DE VALORES MOBILIÁRIOS E CÂMBIO LTDA.|WARREN CVMC LTDA|
BR|92894922|Banco Original S.A.|BANCO ORIGINAL|
BR|94968518|DECYSEO CORRETORA DE CAMBIO LTDA.|DECYSEO CC LTDA.|